族群,有效檔數,設定檔數,當日平均漲幅(%),當日加權漲幅(%),近5日平均漲幅(%),成交金額(億),資金占比(%)
被動元件概念股,18,19,4.56,5.45,15.2,1174.38,12.55
石英元件概念股,6,6,4.53,5.23,11.88,53.92,0.58
矽晶圓概念股,5,5,4.33,3.62,8.81,342.57,3.66
銅箔基板概念股,17,17,2.68,3.07,11.43,1339.27,14.31
光通訊概念股,24,24,2.28,1.28,7.16,2051.3,21.92
SiC碳化矽概念股,14,15,0.92,1.45,8.01,423.2,4.52
設備與廠務概念股,15,15,0.67,1.1,7.64,341.17,3.65
CPO概念股,68,68,0.62,0.05,5.0,4057.87,43.37
封測族群概念股,26,26,0.59,-0.07,3.77,1026.19,10.97
玻璃基板概念股,13,13,0.43,0.9,-0.14,355.43,3.8
PCB概念股,21,21,0.42,0.72,9.61,1873.3,20.02
記憶體供應鏈概念股,27,27,0.29,-0.4,1.88,813.88,8.7
低軌衛星概念股,29,29,0.15,-0.87,5.58,1180.94,12.62
航運概念股,25,25,-0.04,-0.82,-0.28,45.7,0.49
IC設計概念股,12,12,-0.54,-0.76,0.26,720.26,7.7
工業電腦IPC概念股,16,16,-0.96,-0.84,-1.02,24.86,0.27
BBU供應鏈概念股,8,8,-1.0,-2.17,2.09,288.03,3.08
AI伺服器散熱概念股,12,12,-1.02,-2.5,1.47,480.51,5.14
