族群,代號,名稱,產業分類,說明,日期,收盤價,當日漲跌幅(%),近5日漲跌幅(%),成交金額(億),成交金額(元)
PCB概念股,1815,富喬,玻纖／銅箔,電子級玻纖紗／布,2026-10-08,135.0,1.89,16.38,129.51,12951025200
PCB概念股,1802,台玻,玻纖／銅箔,電子級玻纖布,2026-10-08,63.9,-2.74,8.67,101.9,10190332547
PCB概念股,8358,金居,玻纖／銅箔,PCB 用電解銅箔,2026-10-08,535.0,-2.55,5.94,17.91,1791457130
PCB概念股,2383,台光電,銅箔基板 CCL／FCCL,低損耗銅箔基板,2026-10-08,6000.0,0.84,20.6,99.96,9995790000
PCB概念股,6274,台燿,銅箔基板 CCL／FCCL,高速低損耗銅箔基板,2026-10-08,1740.0,1.16,13.36,131.4,13140417360
PCB概念股,6213,聯茂,銅箔基板 CCL／FCCL,銅箔基板／黏合片,2026-10-08,806.0,1.26,25.55,40.26,4025640346
PCB概念股,8039,台虹,銅箔基板 CCL／FCCL,軟性銅箔基板,2026-10-08,305.5,0.33,5.89,181.69,18168948954
PCB概念股,2368,金像電,硬板／HDI,伺服器／網通多層板,2026-10-08,1285.0,3.21,17.35,120.37,12037038325
PCB概念股,3044,健鼎,硬板／HDI,多層板／HDI,2026-10-08,582.0,0.0,10.02,11.08,1108130910
PCB概念股,2313,華通,硬板／HDI,HDI／高層次板,2026-10-08,248.0,0.81,10.47,57.51,5750724192
PCB概念股,2367,燿華,硬板／HDI,HDI／軟硬結合板,2026-10-08,45.9,-2.75,5.88,3.28,327696359
PCB概念股,4958,臻鼎-KY,軟板／軟硬結合板,FPC／軟硬結合板,2026-10-08,592.0,-0.5,16.08,193.39,19339027392
PCB概念股,6269,台郡,軟板／軟硬結合板,FPC／軟板模組,2026-10-08,63.6,-2.6,-2.15,1.38,138087426
PCB概念股,3037,欣興,IC 載板,IC 載板／HDI,2026-10-08,1270.0,-2.68,4.53,104.04,10404224810
PCB概念股,8046,南電,IC 載板,ABF／BT 載板,2026-10-08,1475.0,-0.34,3.87,76.5,7650190750
PCB概念股,3189,景碩,IC 載板,FCBGA／CSP 載板,2026-10-08,1075.0,-2.27,6.44,75.54,7553645525
PCB概念股,2467,志聖,製程設備與耗材,曝光／壓膜／烘烤,2026-10-08,552.0,-2.99,1.66,4.84,483888168
PCB概念股,6664,群翊,製程設備與耗材,塗佈／壓膜／乾燥,2026-10-08,373.5,-1.19,0.54,0.78,78103706
PCB概念股,6438,迅得,製程設備與耗材,PCB 自動化設備,2026-10-08,164.5,-0.6,0.0,0.51,50691826
PCB概念股,3563,牧德,製程設備與耗材,PCB 光學檢測,2026-10-08,730.0,-1.35,-3.18,3.1,309734620
PCB概念股,8021,尖點,製程設備與耗材,PCB 鑽針／銑刀,2026-10-08,557.0,0.18,11.46,47.62,4762132770
設備與廠務概念股,2404,漢唐,建廠與無塵室工程,無塵室／廠務統包,2026-10-08,1305.0,-1.88,0.0,13.47,1346906160
設備與廠務概念股,6139,亞翔,建廠與無塵室工程,無塵室／機電工程,2026-10-08,778.0,-1.14,2.5,12.41,1240959014
設備與廠務概念股,5536,聖暉,建廠與無塵室工程,無塵室／機電整合,2026-10-08,1030.0,-1.44,7.4,30.75,3075428590
設備與廠務概念股,6196,帆宣,建廠與無塵室工程,廠務統包／設備整合,2026-10-08,674.0,0.6,11.96,7.38,737645146
設備與廠務概念股,6691,洋基工程,建廠與無塵室工程,無塵室／空調機電,2026-10-08,789.0,1.68,7.64,6.49,648772608
設備與廠務概念股,6613,朋億,廠務供應系統,化學品／氣體供應,2026-10-08,286.0,-1.38,2.69,0.53,52624000
設備與廠務概念股,6667,信紘科,廠務供應系統,化學供應／廢液處理,2026-10-08,283.0,1.62,8.43,2.37,236788364
設備與廠務概念股,6944,兆聯實業,廠務供應系統,超純水／廢水回收,2026-10-08,860.0,-5.29,7.5,7.55,755460980
設備與廠務概念股,3131,弘塑,製程與封裝設備,濕製程設備,2026-10-08,2465.0,0.61,3.57,5.06,505549315
設備與廠務概念股,3583,辛耘,製程與封裝設備,清洗／濕製程設備,2026-10-08,736.0,-0.94,4.1,3.59,358953088
設備與廠務概念股,6187,萬潤,製程與封裝設備,點膠／先進封裝設備,2026-10-08,1525.0,-0.65,19.61,44.08,4407934725
設備與廠務概念股,6640,均華,製程與封裝設備,晶粒挑揀／黏晶設備,2026-10-08,1050.0,-2.78,-5.41,1.87,186927300
設備與廠務概念股,2360,致茂,測試設備與介面,半導體測試設備,2026-10-08,2330.0,-2.92,12.02,38.93,3892812550
設備與廠務概念股,6223,旺矽,測試設備與介面,探針卡／測試設備,2026-10-08,5575.0,0.81,10.83,26.29,2629025050
設備與廠務概念股,6510,精測,測試設備與介面,探針卡／IC 測試板,2026-10-08,3320.0,9.93,10.67,44.33,4432571840
被動元件概念股,2327,國巨,MLCC 積層陶瓷電容,多元被動元件,2026-10-08,635.0,-1.85,5.48,288.44,28844311755
被動元件概念股,2492,華新科,MLCC 積層陶瓷電容,MLCC／晶片電阻,2026-10-08,420.0,-1.87,27.66,266.43,26643086820
被動元件概念股,3026,禾伸堂,MLCC 積層陶瓷電容,高壓、低損耗 MLCC,2026-10-08,877.0,4.53,2.93,134.21,13420749417
被動元件概念股,6173,信昌電,MLCC 積層陶瓷電容,特殊 MLCC／介電瓷粉,2026-10-08,302.13,0.0,-6.12,0.0,0
被動元件概念股,2478,大毅,電阻,晶片電阻／電流感測電阻,2026-10-08,134.5,0.0,8.03,8.42,842393675
被動元件概念股,3624,光頡,電阻,薄膜精密／厚膜電阻,2026-10-08,175.0,9.72,15.89,83.54,8354313450
被動元件概念股,6834,天二科技,電阻,厚膜／薄膜／金屬板電阻,2026-10-08,132.0,5.6,13.57,24.39,2438578692
被動元件概念股,2472,立隆電,鋁質電容,液態／固態／混合電容,2026-10-08,243.5,0.0,7.74,15.91,1590724868
被動元件概念股,8042,金山電,鋁質電容,鋁電解／高分子固態,2026-10-08,138.5,9.92,17.37,27.12,2712274170
被動元件概念股,6449,鈺邦,鋁質電容,捲繞／疊層固態電容,2026-10-08,271.0,3.63,17.83,25.47,2547041738
被動元件概念股,2375,凱美,鋁質電容,鋁電解／固態／混合,2026-10-08,130.5,0.77,4.82,7.33,732913839
被動元件概念股,3357,臺慶科,電感與磁性元件,一體成型功率電感,2026-10-08,226.5,0.67,6.59,3.49,349094484
被動元件概念股,3236,千如,電感與磁性元件,功率電感／濾波元件,2026-10-08,58.9,4.8,21.32,11.32,1132264474
被動元件概念股,6432,今展科,電感與磁性元件,功率電感／射頻電感,2026-10-08,66.2,0.0,-5.16,0.44,44223584
被動元件概念股,2428,興勤,保護元件,熱敏電阻／壓敏電阻,2026-10-08,282.0,5.62,8.05,9.86,986451792
被動元件概念股,6224,聚鼎,保護元件,PPTC 過電流保護,2026-10-08,79.9,-0.37,-2.2,0.4,40350699
被動元件概念股,6127,九豪,上游材料,晶片電阻用陶瓷基板,2026-10-08,64.1,9.95,12.85,16.19,1619339737
被動元件概念股,4760,勤凱,上游材料,被動元件導電漿,2026-10-08,367.0,9.88,27.21,4.5,449819422
被動元件概念股,6175,立敦,上游材料,電容用化成箔／電蝕箔,2026-10-08,77.9,1.17,2.1,1.54,154203053
玻璃基板概念股,2409,友達,基板開發與封裝整合,玻璃核心基板開發,2026-10-08,36.6,-3.56,-4.44,100.02,10001999125
玻璃基板概念股,3481,群創,基板開發與封裝整合,玻璃核心／面板級封裝,2026-10-08,51.0,-2.86,-2.49,40.45,4045285371
玻璃基板概念股,3037,欣興,基板開發與封裝整合,玻璃核心載板技術開發,2026-10-08,1270.0,-2.68,4.53,104.04,10404224810
玻璃基板概念股,3149,正達,基板開發與封裝整合,玻璃薄化／精密加工、熱成型玻璃基板技術開發,2026-10-08,76.6,-0.65,3.1,4.1,409719910
玻璃基板概念股,4768,晶呈科技,基板開發與封裝整合,玻璃核心基板產品、玻璃通孔與金屬化製程,2026-10-08,365.5,0.69,-0.41,1.44,143779294
玻璃基板概念股,8027,鈦昇,雷射與精密加工設備,玻璃雷射改質／切割,2026-10-08,202.5,-2.88,-3.34,4.08,407822850
玻璃基板概念股,8064,東捷,雷射與精密加工設備,雷射改質／玻璃切割,2026-10-08,133.5,-1.84,-6.97,2.3,229701568
玻璃基板概念股,6207,雷科,雷射與精密加工設備,TGV 飛秒雷射鑽孔,2026-10-08,146.0,-1.02,0.69,5.83,582838862
玻璃基板概念股,3583,辛耘,蝕刻、鍍膜與增層設備,濕蝕刻／清洗設備,2026-10-08,736.0,-0.94,4.1,3.59,358953088
玻璃基板概念股,3580,友威科,蝕刻、鍍膜與增層設備,電漿處理／種子層鍍膜,2026-10-08,102.5,-0.97,-5.96,0.4,39535480
玻璃基板概念股,6664,群翊,蝕刻、鍍膜與增層設備,壓膜／塗佈／烘烤,2026-10-08,373.5,-1.19,0.54,0.78,78103706
玻璃基板概念股,3055,蔚華科,檢測與故障分析,雷射改質、孔洞與微裂紋檢測,2026-10-08,223.0,0.0,6.19,0.81,80860469
玻璃基板概念股,3289,宜特,檢測與故障分析,玻璃基板故障分析服務,2026-10-08,142.5,0.0,0.71,0.43,42900765
石英元件概念股,3042,晶技,石英元件,石英晶體／振盪器；光通訊、伺服器與車用應用,2026-10-08,211.0,0.24,-3.43,26.42,2641754604
石英元件概念股,2484,希華,石英元件,人工水晶／頻率元件；從晶棒到成品的垂直整合,2026-10-08,90.6,4.02,7.09,36.71,3670569063
石英元件概念股,8289,泰藝,石英元件,溫補／恆溫振盪器；精準時頻與高穩定度產品,2026-10-08,60.9,9.93,19.41,2.91,290567610
石英元件概念股,3221,台嘉碩,石英元件,石英元件／SAW 濾波器；通訊與車用頻率元件,2026-10-08,55.0,1.1,2.42,1.77,176639650
石英元件概念股,8182,加高,石英元件,石英晶體／振盪器；工業、車用與消費電子應用,2026-10-08,45.7,4.34,3.28,1.35,134929252
石英元件概念股,6174,安碁,石英元件,石英晶體／振盪器；寬溫規格與客製化設計,2026-10-08,64.0,9.97,28.0,6.54,653615680
光通訊概念股,2455,全新,磊晶材料,雷射／光偵測器磊晶,2026-10-08,558.0,-0.18,2.2,33.94,3393788922
光通訊概念股,3081,聯亞,磊晶材料,磷化銦磊晶／光源材料,2026-10-08,2960.0,-5.73,11.28,82.0,8199868960
光通訊概念股,4971,IET-KY,磊晶材料,磷化銦等化合物磊晶,2026-10-08,596.0,-1.32,11.61,6.52,651560312
光通訊概念股,2454,聯發科,晶片設計與晶圓製造,高速傳輸／光互連晶片,2026-10-08,4690.0,-3.0,-5.82,300.94,30094111950
光通訊概念股,2330,台積電,晶片設計與晶圓製造,矽光子／光電整合製程,2026-10-08,2550.0,-1.35,1.59,518.29,51829056000
光通訊概念股,2303,聯電,晶片設計與晶圓製造,矽光子晶圓代工,2026-10-08,147.5,-0.67,-8.67,119.68,11968065040
光通訊概念股,3105,穩懋,晶片設計與晶圓製造,光電元件／化合物半導體代工,2026-10-08,581.0,-1.19,7.99,93.93,9392771360
光通訊概念股,4991,環宇-KY,晶片設計與晶圓製造,雷射／檢光元件晶圓代工,2026-10-08,511.0,-1.35,5.25,11.75,1174847254
光通訊概念股,3363,上詮,光被動元件、濾光片與光纖連接,光纖陣列／光連接,2026-10-08,667.0,-1.77,4.06,10.59,1058995900
光通訊概念股,3163,波若威,光被動元件、濾光片與光纖連接,光被動元件／模組,2026-10-08,689.0,-1.85,5.84,10.73,1073028619
光通訊概念股,6442,光聖,光被動元件、濾光片與光纖連接,光纖連接／光通訊元件,2026-10-08,1785.0,-1.65,20.61,62.36,6235694010
光通訊概念股,6588,東典光電,光被動元件、濾光片與光纖連接,光通訊薄膜濾光片,2026-10-08,107.5,-1.38,-2.27,0.53,52818620
光通訊概念股,6426,統新,光被動元件、濾光片與光纖連接,光通訊濾光片／鍍膜,2026-10-08,341.0,-1.87,0.44,9.49,948851255
光通訊概念股,4979,華星光,光電元件、封裝與光收發模組,雷射元件／高速光引擎,2026-10-08,565.0,-2.42,1.44,19.36,1935730680
光通訊概念股,3234,光環,光電元件、封裝與光收發模組,雷射／檢光元件,2026-10-08,183.0,-4.19,6.4,7.7,769799382
光通訊概念股,3450,聯鈞,光電元件、封裝與光收發模組,光元件封裝測試,2026-10-08,522.0,-2.43,1.36,23.89,2389496760
光通訊概念股,6451,訊芯-KY,光電元件、封裝與光收發模組,光收發模組／封裝測試,2026-10-08,420.5,-1.41,1.82,5.03,502740549
光通訊概念股,4977,眾達-KY,光電元件、封裝與光收發模組,光收發模組,2026-10-08,172.5,-1.43,1.17,2.43,242677830
光通訊概念股,4908,前鼎,光電元件、封裝與光收發模組,光收發模組／光次模組,2026-10-08,243.5,-4.13,19.07,16.09,1608534946
光通訊概念股,4573,高明鐵,耦光、自動化與測試設備,主動耦光／精密對位,2026-10-08,694.0,-4.41,1.76,5.34,534401514
光通訊概念股,6187,萬潤,耦光、自動化與測試設備,光耦合／點膠製程設備,2026-10-08,1525.0,-0.65,19.61,44.08,4407934725
光通訊概念股,6223,旺矽,耦光、自動化與測試設備,矽光子晶圓測試,2026-10-08,5575.0,0.81,10.83,26.29,2629025050
光通訊概念股,2360,致茂,耦光、自動化與測試設備,光電量測／自動化測試,2026-10-08,2330.0,-2.92,12.02,38.93,3892812550
光通訊概念股,7769,鴻勁,耦光、自動化與測試設備,測試分選／CPO 測試佈局,2026-10-08,5925.0,0.68,7.92,31.13,3112716525
銅箔基板概念股,2383,台光電,銅箔基板,高頻高速／無鹵基材,2026-10-08,6000.0,0.84,20.6,99.96,9995790000
銅箔基板概念股,6274,台燿,銅箔基板,高頻高速基板／黏合片,2026-10-08,1740.0,1.16,13.36,131.4,13140417360
銅箔基板概念股,6213,聯茂,銅箔基板,高速低損耗基板,2026-10-08,806.0,1.26,25.55,40.26,4025640346
銅箔基板概念股,1303,南亞,銅箔基板,基板／銅箔／樹脂整合,2026-10-08,310.0,-1.27,22.05,223.33,22332518420
銅箔基板概念股,8039,台虹,軟性銅箔基板,軟性基板／高頻材料,2026-10-08,305.5,0.33,5.89,181.69,18168948954
銅箔基板概念股,3354,律勝,軟性銅箔基板,軟性基板／保護膠膜,2026-10-08,32.0,4.92,7.38,0.77,76826112
銅箔基板概念股,4939,亞電,軟性銅箔基板,軟性基板／覆蓋膜,2026-10-08,78.3,1.82,-0.76,9.52,951642499
銅箔基板概念股,8358,金居,銅箔材料,電解銅箔／PCB用材料,2026-10-08,535.0,-2.55,5.94,17.91,1791457130
銅箔基板概念股,4989,榮科,銅箔材料,電解銅箔／低粗糙度銅箔,2026-10-08,73.2,-0.68,19.8,17.25,1725043865
銅箔基板概念股,1802,台玻,玻璃纖維紗與玻纖布,電子級玻纖紗／玻纖布,2026-10-08,63.9,-2.74,8.67,101.9,10190332547
銅箔基板概念股,1815,富喬,玻璃纖維紗與玻纖布,電子級玻纖紗／玻纖布,2026-10-08,135.0,1.89,16.38,129.51,12951025200
銅箔基板概念股,5340,建榮,玻璃纖維紗與玻纖布,電子級／超薄型玻纖布,2026-10-08,94.4,4.89,17.41,13.56,1356310902
銅箔基板概念股,5475,德宏,玻璃纖維紗與玻纖布,電子級／薄型玻纖布,2026-10-08,203.0,5.18,14.04,34.36,3435685477
銅箔基板概念股,4722,國精化,樹脂、固化劑與電子材料,低介電損耗樹脂,2026-10-08,215.5,-3.79,2.86,3.65,364905072
銅箔基板概念股,4764,雙鍵,樹脂、固化劑與電子材料,CCL用電子材料,2026-10-08,199.0,-3.63,7.57,3.21,321112967
銅箔基板概念股,7763,崇舜,樹脂、固化劑與電子材料,特殊胺類固化劑,2026-10-08,225.0,12.5,33.93,1.52,152306325
銅箔基板概念股,1717,長興,樹脂、固化劑與電子材料,合成樹脂／乾膜光阻,2026-10-08,74.4,-1.59,1.22,4.59,459079927
SiC碳化矽概念股,6488,環球晶,基板與磊晶,SiC 基板,2026-10-08,1130.0,-7.0,4.15,220.02,22002199490
SiC碳化矽概念股,6125,廣運,基板與磊晶,透過盛新材料布局 SiC 基板,2026-10-08,51.2,2.2,2.71,0.5,49647770
SiC碳化矽概念股,3016,嘉晶,基板與磊晶,SiC 磊晶,2026-10-08,183.5,-5.9,9.23,11.25,1124976477
SiC碳化矽概念股,3707,漢磊,晶圓製造,SiC 元件代工,2026-10-08,85.9,-4.45,10.84,24.57,2456947492
SiC碳化矽概念股,2342,茂矽,晶圓製造,SiC 代工開發與合作,2026-10-08,49.15,-1.9,-0.41,1.53,153316008
SiC碳化矽概念股,2481,強茂,功率元件,SiC 二極體／MOSFET,2026-10-08,172.5,-3.36,-2.82,28.12,2812188322
SiC碳化矽概念股,5425,台半,功率元件,SiC 蕭特基整流器,2026-10-08,100.5,-3.83,3.08,7.33,733046296
SiC碳化矽概念股,3317,尼克森,功率元件,SiC MOSFET／功率模組,2026-10-08,71.5,4.08,9.66,5.85,585467668
SiC碳化矽概念股,8261,富鼎,功率元件,SiC 二極體／高壓 MOSFET,2026-10-08,180.5,-5.5,-0.55,9.52,951858988
SiC碳化矽概念股,8255,朋程,模組與封裝,SiC 功率模組,2026-10-08,150.5,-1.63,0.67,0.36,35534104
SiC碳化矽概念股,6271,同欣電,模組與封裝,SiC 模組封裝技術,2026-10-08,245.5,1.66,6.51,8.64,864473258
SiC碳化矽概念股,3583,辛耘,製程設備、耗材與測試,SiC 薄化貼合／剝離設備,2026-10-08,736.0,-0.94,4.1,3.59,358953088
SiC碳化矽概念股,1560,中砂,製程設備、耗材與測試,SiC 晶圓研磨砂輪,2026-10-08,1010.0,-0.98,1.0,5.02,501936670
SiC碳化矽概念股,2360,致茂,製程設備、耗材與測試,SiC 功率元件測試設備,2026-10-08,2330.0,-2.92,12.02,38.93,3892812550
封測族群概念股,3711,日月光投控,綜合型封測,全球封測龍頭；IC 封裝、測試與先進封裝,2026-10-08,744.0,1.64,4.79,112.54,11254373424
封測族群概念股,6239,力成,記憶體封測,記憶體封測／先進封裝,2026-10-08,308.0,0.16,5.3,47.78,4778433352
封測族群概念股,2329,華泰,記憶體封測,記憶體 IC 封測／SSD 模組,2026-10-08,44.5,-1.98,0.34,2.03,203170758
封測族群概念股,8110,華東,記憶體封測,記憶體 IC 封裝測試,2026-10-08,49.25,-0.51,1.13,2.28,228364124
封測族群概念股,8131,福懋科,記憶體封測,DRAM 封裝測試,2026-10-08,68.0,-0.29,8.8,5.51,550641764
封測族群概念股,6147,頎邦,驅動IC封測,驅動 IC 封測／金凸塊、COF、COG,2026-10-08,226.0,-2.38,0.22,108.35,10835028052
封測族群概念股,8150,南茂,驅動IC封測,記憶體與顯示驅動 IC 封測,2026-10-08,128.0,-0.39,10.82,46.8,4679691520
封測族群概念股,2441,超豐,傳統／利基型封測,傳統與利基型 IC 封裝測試,2026-10-08,127.0,0.0,2.01,5.19,519173206
封測族群概念股,2369,菱生,傳統／利基型封測,傳統 IC 封裝測試,2026-10-08,32.0,-2.14,0.79,1.48,147542464
封測族群概念股,2449,京元電子,專業測試／後段服務,半導體晶圓與成品測試服務,2026-10-08,304.5,1.67,2.87,154.38,15437563533
封測族群概念股,6257,矽格,專業測試／後段服務,晶圓與成品專業測試服務,2026-10-08,283.0,1.8,10.33,72.35,7235444586
封測族群概念股,3264,欣銓,專業測試／後段服務,晶圓與成品測試／類比、射頻與混合訊號 IC,2026-10-08,256.0,2.4,4.28,40.52,4051969024
封測族群概念股,6261,久元,專業測試／後段服務、測試／檢測設備,後段測試與服務,2026-10-08,76.4,-1.93,-3.41,0.33,32960336
封測族群概念股,3374,精材,晶圓級／特殊封裝,晶圓級封裝／影像感測器 WLCSP、TSV,2026-10-08,497.0,0.0,8.99,44.41,4441224305
封測族群概念股,6271,同欣電,晶圓級／特殊封裝,陶瓷基板／影像感測器與射頻模組封裝,2026-10-08,245.5,1.66,6.51,8.64,864473258
封測族群概念股,6451,訊芯-KY,晶圓級／特殊封裝,系統級封裝 SiP／光收發模組封裝測試,2026-10-08,420.5,-1.41,1.82,5.03,502740549
封測族群概念股,3265,台星科,晶圓級／特殊封裝,晶圓級凸塊 Bumping／晶圓測試,2026-10-08,238.5,9.91,28.92,10.8,1079538291
封測族群概念股,6223,旺矽,探針卡／測試介面,探針卡／晶圓測試設備,2026-10-08,5575.0,0.81,10.83,26.29,2629025050
封測族群概念股,6217,中探針,探針卡／測試介面,探針卡用探針,2026-10-08,168.0,-2.89,-3.72,4.12,412179936
封測族群概念股,6510,精測,探針卡／測試介面,探針卡／IC 測試板,2026-10-08,3320.0,9.93,10.67,44.33,4432571840
封測族群概念股,6515,穎崴,探針卡／測試介面,IC 測試座／高階測試介面,2026-10-08,5615.0,1.72,-2.69,57.09,5709096170
封測族群概念股,6683,雍智科技,探針卡／測試介面,IC 測試載板／測試介面板,2026-10-08,1415.0,-2.08,-10.16,8.46,845599755
封測族群概念股,2360,致茂,測試／檢測設備,半導體與光電測試設備,2026-10-08,2330.0,-2.92,12.02,38.93,3892812550
封測族群概念股,7769,鴻勁,測試／檢測設備,IC 測試分選機／高階測試設備,2026-10-08,5925.0,0.68,7.92,31.13,3112716525
封測族群概念股,3563,牧德,測試／檢測設備,PCB 與半導體光學檢測設備,2026-10-08,730.0,-1.35,-3.18,3.1,309734620
封測族群概念股,3455,由田,測試／檢測設備,AOI 光學檢測設備,2026-10-08,284.0,1.07,-1.05,2.21,220749508
AI伺服器散熱概念股,3653,健策,晶片級散熱元件,均熱片、VC Lid、微流道蓋板,2026-10-08,7165.0,5.29,4.22,111.23,11122824195
AI伺服器散熱概念股,2486,一詮,晶片級散熱元件,封裝均熱片、VC Lid、Metal TIM,2026-10-08,238.5,-0.62,-4.02,5.83,582741837
AI伺服器散熱概念股,3017,奇鋐,散熱模組／液冷方案,散熱模組、水冷板、CDU,2026-10-08,3440.0,-2.96,-1.99,102.31,10231495680
AI伺服器散熱概念股,3324,雙鴻,散熱模組／液冷方案,散熱模組、水冷板、液冷系統,2026-10-08,1520.0,-0.33,-0.33,90.52,9051516400
AI伺服器散熱概念股,3483,力致,散熱模組／液冷方案,風扇、散熱模組、液冷方案,2026-10-08,79.0,0.0,0.64,0.31,30814898
AI伺服器散熱概念股,6230,尼得科超眾,散熱模組／液冷方案,熱管、均熱板、液冷系統,2026-10-08,115.5,0.0,4.05,0.03,2900205
AI伺服器散熱概念股,6831,邁科,散熱模組／液冷方案,3D VC、散熱模組、液冷模組,2026-10-08,476.0,-2.46,0.32,8.77,876524488
AI伺服器散熱概念股,2354,鴻準,散熱模組／液冷方案,液冷模組、分流器、金屬機構件,2026-10-08,62.0,-0.16,-6.34,3.31,330773410
AI伺服器散熱概念股,8996,高力,液冷關鍵零組件,板式熱交換器、CDU、液冷系統,2026-10-08,1710.0,3.95,9.27,17.19,1719066420
AI伺服器散熱概念股,6805,富世達,液冷關鍵零組件,液冷快接頭、精密機構件,2026-10-08,2370.0,-3.46,-0.84,38.75,3875476140
AI伺服器散熱概念股,2421,建準,主動散熱,風扇、水冷板、泵浦、CDU,2026-10-08,168.0,-2.04,2.44,2.9,290314752
AI伺服器散熱概念股,2308,台達電,系統整合,水冷板、CDU、資料中心整合,2026-10-08,1965.0,-1.26,3.15,95.41,9540672360
IC設計概念股,2454,聯發科,ASIC設計服務,客製化ASIC、手機與通訊晶片,2026-10-08,4690.0,-3.0,-5.82,300.94,30094111950
IC設計概念股,3443,創意,ASIC設計服務,客製化晶片設計、高速介面IP,2026-10-08,8360.0,-1.18,5.82,96.91,9691405240
IC設計概念股,3661,世芯-KY,ASIC設計服務,AI、高效能運算晶片設計,2026-10-08,4345.0,3.7,15.41,189.7,18969566110
IC設計概念股,3035,智原,ASIC設計服務,客製化晶片設計、矽智財授權,2026-10-08,202.0,-3.35,-5.16,6.49,649321930
IC設計概念股,8227,巨有科技,ASIC設計服務,客製化IC設計、晶片量產服務,2026-10-08,335.0,-9.95,-7.84,4.01,401120960
IC設計概念股,2379,瑞昱,網通／音訊,網路通訊、音訊控制晶片,2026-10-08,749.0,1.08,-1.71,8.54,854008302
IC設計概念股,3034,聯詠,顯示驅動,顯示驅動IC、影像處理晶片,2026-10-08,531.0,0.38,-2.93,11.88,1188064179
IC設計概念股,3545,敦泰,觸控／顯示,觸控IC、觸控顯示整合晶片,2026-10-08,49.0,-1.01,-5.04,0.3,30282490
IC設計概念股,2363,矽統,觸控／混合訊號,觸控IC、MCU、電池管理晶片,2026-10-08,57.8,-4.78,-4.62,6.36,636019285
IC設計概念股,3257,虹冠電,電源管理,電源控制IC、電源供應器方案,2026-10-08,49.25,-0.51,-0.91,0.03,2955000
IC設計概念股,8299,群聯,儲存控制,NAND控制晶片、SSD儲存方案,2026-10-08,2060.0,0.0,-2.37,42.61,4261180040
IC設計概念股,5269,祥碩,高速傳輸,USB、PCIe高速傳輸控制晶片,2026-10-08,1490.0,2.41,1.02,5.64,564490970
記憶體供應鏈概念股,2408,南亞科,上游｜記憶體製造,DRAM 製造,2026-10-08,532.0,3.5,2.5,333.31,33330951248
記憶體供應鏈概念股,2344,華邦電,上游｜記憶體製造,利基型 DRAM／NOR Flash,2026-10-08,177.0,-1.39,-1.67,123.04,12303531252
記憶體供應鏈概念股,2337,旺宏,上游｜記憶體製造,NOR／NAND Flash,2026-10-08,116.0,-1.69,-4.13,42.42,4242289012
記憶體供應鏈概念股,6770,力積電,上游｜晶圓代工,記憶體與邏輯晶圓代工,2026-10-08,72.2,-0.55,-3.09,81.88,8188009602
記憶體供應鏈概念股,6531,愛普*,上游｜IC設計,PSRAM 與記憶體整合解決方案,2026-10-08,980.0,-2.0,5.04,31.22,3122376040
記憶體供應鏈概念股,3006,晶豪科,上游｜IC設計,利基型 DRAM／Flash IC 設計,2026-10-08,267.0,-1.29,-4.98,17.91,1791383634
記憶體供應鏈概念股,5351,鈺創,上游｜IC設計,利基型 DRAM／特殊記憶體 IC 設計,2026-10-08,115.0,0.44,5.02,13.69,1368629720
記憶體供應鏈概念股,8299,群聯,上游｜控制晶片,NAND 控制晶片／SSD 方案,2026-10-08,2060.0,0.0,-2.37,42.61,4261180040
記憶體供應鏈概念股,6239,力成,中游｜封裝測試,記憶體封測／先進封裝,2026-10-08,308.0,0.16,5.3,47.78,4778433352
記憶體供應鏈概念股,8110,華東,中游｜封裝測試,記憶體 IC 封裝測試,2026-10-08,49.25,-0.51,1.13,2.28,228364124
記憶體供應鏈概念股,8131,福懋科,中游｜封裝測試,DRAM 封裝測試,2026-10-08,68.0,-0.29,8.8,5.51,550641764
記憶體供應鏈概念股,8150,南茂,中游｜封裝測試,記憶體與顯示驅動 IC 封測,2026-10-08,128.0,-0.39,10.82,46.8,4679691520
記憶體供應鏈概念股,2329,華泰,中游｜封裝測試,記憶體 IC 封測／SSD 模組,2026-10-08,44.5,-1.98,0.34,2.03,203170758
記憶體供應鏈概念股,3260,威剛,中游｜模組品牌,DRAM／NAND 記憶體模組與 SSD 品牌,2026-10-08,362.5,-0.68,-4.61,14.46,1446491725
記憶體供應鏈概念股,2451,創見,中游｜模組品牌,記憶體模組與儲存產品,2026-10-08,284.5,-0.87,-1.73,7.69,768976472
記憶體供應鏈概念股,5289,宜鼎,中游｜模組品牌,工控記憶體與儲存,2026-10-08,1250.0,-0.79,-3.1,12.84,1284378750
記憶體供應鏈概念股,8271,宇瞻,中游｜模組品牌,工業級記憶體與儲存,2026-10-08,199.5,-1.24,-0.75,2.36,235662368
記憶體供應鏈概念股,4967,十銓,中游｜模組品牌,電競記憶體與 SSD 品牌,2026-10-08,269.5,1.7,-0.92,5.78,578057557
記憶體供應鏈概念股,2360,致茂,中游｜測試設備,半導體與光電測試設備,2026-10-08,2330.0,-2.92,12.02,38.93,3892812550
記憶體供應鏈概念股,3030,德律,中游｜測試設備,自動化測試與 AOI 檢測設備,2026-10-08,313.5,0.0,8.48,6.78,678431242
記憶體供應鏈概念股,3055,蔚華科,中游｜測試設備,半導體測試與檢測設備,2026-10-08,223.0,0.0,6.19,0.81,80860469
記憶體供應鏈概念股,5386,青雲,下游｜通路代理,IC 零組件通路,2026-10-08,282.5,0.36,-2.08,2.82,282372592
記憶體供應鏈概念股,3702,大聯大,下游｜通路代理,半導體通路龍頭,2026-10-08,117.5,-2.08,-1.26,11.3,1130424025
記憶體供應鏈概念股,3036,文曄,下游｜通路代理,半導體通路,2026-10-08,215.5,0.0,1.41,11.3,1130081354
記憶體供應鏈概念股,8112,至上,下游｜通路代理,記憶體與 IC 通路,2026-10-08,85.1,1.67,1.55,10.1,1009672676
記憶體供應鏈概念股,3033,威健,下游｜通路代理,半導體通路,2026-10-08,41.55,-0.36,-2.0,0.69,69477499
記憶體供應鏈概念股,3028,增你強,下游｜通路代理,IC 與電子零組件通路,2026-10-08,63.6,0.79,2.42,0.33,33488579
低軌衛星概念股,2313,華通,PCB／衛星板,衛星板／HDI,2026-10-08,248.0,0.81,10.47,57.51,5750724192
低軌衛星概念股,2355,敬鵬,PCB／衛星板,PCB／高頻板,2026-10-08,45.2,1.35,9.44,1.86,186076606
低軌衛星概念股,2367,燿華,PCB／衛星板,軟板／HDI,2026-10-08,45.9,-2.75,5.88,3.28,327696359
低軌衛星概念股,2383,台光電,CCL／高頻材料,高頻高速／無鹵基材,2026-10-08,6000.0,0.84,20.6,99.96,9995790000
低軌衛星概念股,6213,聯茂,CCL／高頻材料,高速低損耗基板,2026-10-08,806.0,1.26,25.55,40.26,4025640346
低軌衛星概念股,6274,台燿,CCL／高頻材料,高頻高速基板／黏合片,2026-10-08,1740.0,1.16,13.36,131.4,13140417360
低軌衛星概念股,6672,騰輝-KY,CCL／高頻材料,軟性銅箔基板／高頻材料,2026-10-08,555.0,9.9,36.87,20.36,2036053020
低軌衛星概念股,3491,昇達科,射頻／微波元件,微波元件／衛星通訊,2026-10-08,1685.0,-1.17,13.09,17.64,1763910235
低軌衛星概念股,5222,全訊,射頻／微波元件,微波射頻元件／衛星通訊,2026-10-08,102.0,-0.97,-4.23,0.21,21147558
低軌衛星概念股,2455,全新,射頻半導體／封裝,砷化鎵磊晶／化合物半導體,2026-10-08,558.0,-0.18,2.2,33.94,3393788922
低軌衛星概念股,3105,穩懋,射頻半導體／封裝,砷化鎵晶圓代工,2026-10-08,581.0,-1.19,7.99,93.93,9392771360
低軌衛星概念股,8086,宏捷科,射頻半導體／封裝,砷化鎵晶圓代工,2026-10-08,154.0,10.0,33.91,46.69,4668577606
低軌衛星概念股,6271,同欣電,射頻半導體／封裝,陶瓷基板／射頻元件封裝,2026-10-08,245.5,1.66,6.51,8.64,864473258
低軌衛星概念股,2312,金寶,天線／地面設備,地面接收設備／電子代工,2026-10-08,30.65,-1.29,-1.13,1.45,145422448
低軌衛星概念股,2314,台揚,天線／地面設備,衛星通訊／微波通訊設備,2026-10-08,10.9,0.46,-5.22,0.01,846952
低軌衛星概念股,2419,仲琦,天線／地面設備,衛星通訊設備／網通,2026-10-08,27.0,-1.1,-7.06,0.17,16766136
低軌衛星概念股,3062,建漢,天線／地面設備,網通／衛星終端設備,2026-10-08,22.2,-0.67,-0.22,0.21,21066513
低軌衛星概念股,3138,耀登,天線／地面設備,天線／無線通訊產品,2026-10-08,99.6,-2.35,0.61,0.25,24601897
低軌衛星概念股,4906,正文,天線／地面設備,網通／無線通訊設備,2026-10-08,41.8,-0.95,3.21,2.45,244695231
低軌衛星概念股,6285,啟碁,天線／地面設備,網通設備／衛星通訊終端與天線,2026-10-08,256.5,-0.39,8.92,8.62,862468938
低軌衛星概念股,1582,信錦,系統製造／機構件,精密機構件,2026-10-08,71.1,-0.84,0.0,0.19,19449405
低軌衛星概念股,4916,事欣科,系統製造／機構件,通訊與衛星相關零組件,2026-10-08,102.0,-0.49,-0.97,1.64,164424918
低軌衛星概念股,5243,乙盛-KY,系統製造／機構件,精密機構件／系統製造,2026-10-08,105.0,8.47,12.66,8.43,843121545
低軌衛星概念股,2421,建準,散熱／熱管理,風扇／散熱模組,2026-10-08,168.0,-2.04,2.44,2.9,290314752
低軌衛星概念股,3017,奇鋐,散熱／熱管理,散熱模組,2026-10-08,3440.0,-2.96,-1.99,102.31,10231495680
低軌衛星概念股,3324,雙鴻,散熱／熱管理,散熱模組,2026-10-08,1520.0,-0.33,-0.33,90.52,9051516400
低軌衛星概念股,3576,聯合再生,衛星太陽能,太陽能電池／模組；衛星太陽能題材,2026-10-08,18.15,-2.42,-1.89,1.09,108823913
低軌衛星概念股,6443,元晶,衛星太陽能,太陽能電池／模組；衛星太陽能題材,2026-10-08,27.0,-2.17,-3.23,0.74,73974195
低軌衛星概念股,6244,茂迪,衛星太陽能,太陽能電池／模組；衛星太陽能題材,2026-10-08,22.3,-2.19,-6.5,0.64,64172128
矽晶圓概念股,6488,環球晶,綜合型矽晶圓廠,尺寸 3吋～12吋；產品 拋光、磊晶、SOI、FZ；應用 邏輯、記憶體、功率元件,2026-10-08,1130.0,-7.0,4.15,220.02,22002199490
矽晶圓概念股,3532,台勝科,大尺寸矽晶圓廠,尺寸 8吋、12吋；產品 半導體矽晶圓；應用 邏輯、記憶體,2026-10-08,509.0,-0.78,7.38,64.6,6459984698
矽晶圓概念股,6182,合晶,矽晶圓製造廠,尺寸 4吋～12吋；產品 拋光、磊晶、SOI；應用 功率元件、類比IC,2026-10-08,129.0,-4.44,-0.77,77.55,7754576871
矽晶圓概念股,3016,嘉晶,專業磊晶廠,技術 Si、SiC、GaN；產品 磊晶晶圓；應用 功率元件、車用電子,2026-10-08,183.5,-5.9,9.23,11.25,1124976477
矽晶圓概念股,8028,昇陽半導體,再生晶圓廠,尺寸 6吋、8吋、12吋；產品 再生、測試晶圓；應用 製程監控、設備測試,2026-10-08,285.0,0.0,1.79,7.44,743512845
航運概念股,2603,長榮,貨櫃航運,貨櫃航運三雄之一；全球主要貨櫃航商,2026-10-08,232.5,0.0,-2.31,15.49,1549484858
航運概念股,2609,陽明,貨櫃航運,貨櫃航運三雄之一,2026-10-08,59.7,1.02,1.53,10.68,1067835347
航運概念股,2615,萬海,貨櫃航運,貨櫃航運三雄之一；以亞洲區域航線為主,2026-10-08,111.5,0.0,-0.89,8.71,871287983
航運概念股,2606,裕民,散裝／油輪航運,散裝航運（乾散貨）,2026-10-08,74.9,0.54,1.9,1.07,107186995
航運概念股,2605,新興,散裝／油輪航運,散裝航運,2026-10-08,36.7,0.27,3.67,1.96,195934992
航運概念股,2637,慧洋-KY,散裝／油輪航運,散裝航運,2026-10-08,98.4,1.65,3.25,1.66,166013693
航運概念股,2612,中航,散裝／油輪航運,散裝航運,2026-10-08,62.5,1.3,1.79,0.12,12444062
航運概念股,2617,台航,散裝／油輪航運,散裝／油輪航運,2026-10-08,32.05,-0.16,3.05,0.13,12820000
航運概念股,5608,四維航,散裝／油輪航運,散裝航運,2026-10-08,16.5,-0.3,-2.94,0.17,17307824
航運概念股,2641,正德,散裝／油輪航運,散裝／油輪航運,2026-10-08,17.2,-0.29,-0.86,0.11,11404839
航運概念股,2610,華航,航空運輸,航空客貨運輸,2026-10-08,20.15,-0.98,-0.74,1.63,163459235
航運概念股,2618,長榮航,航空運輸,航空客貨運輸,2026-10-08,41.4,-1.31,-1.9,4.45,445133189
航運概念股,2646,星宇航空,航空運輸,航空客運,2026-10-08,20.1,0.0,-0.25,0.49,49236941
航運概念股,6757,台灣虎航,航空運輸,低成本航空,2026-10-08,53.3,0.19,-0.19,0.11,11307328
航運概念股,2636,台驊控股,貨運承攬／物流,貨運承攬／國際物流,2026-10-08,70.1,0.0,-0.85,0.07,7011051
航運概念股,5609,中菲行,貨運承攬／物流,貨運承攬／供應鏈物流,2026-10-08,79.1,0.51,1.54,0.13,12737473
航運概念股,2643,捷迅,貨運承攬／物流,空運與海運貨運承攬,2026-10-08,62.9,-0.16,0.96,0.0,377400
航運概念股,2608,嘉里大榮,貨運承攬／物流,陸運物流／宅配,2026-10-08,28.6,0.18,-0.69,0.1,9990752
航運概念股,2607,榮運,貨運承攬／物流,物流倉儲／貨運服務,2026-10-08,56.5,1.44,5.02,0.28,28124570
航運概念股,2613,中櫃,場站／倉儲物流,貨櫃集散站／貨櫃運輸,2026-10-08,22.0,0.23,-0.9,0.06,6204220
航運概念股,5607,遠雄港,場站／倉儲物流,港埠碼頭／貨櫃場站營運,2026-10-08,52.8,0.57,1.73,0.13,12777653
航運概念股,8367,建新國際,場站／倉儲物流,貨櫃場站／倉儲物流,2026-10-08,40.9,0.0,0.25,0.01,820045
航運概念股,2611,志信,場站／倉儲物流,貨櫃儲運場站／倉儲,2026-10-08,15.2,1.0,5.92,0.05,4725589
航運概念股,2208,台船,造船／船舶工程,造船／艦艇與船舶工程,2026-10-08,18.55,0.27,-1.59,0.2,20370700
航運概念股,6753,龍德造船,造船／船舶工程,船舶製造／造船,2026-10-08,131.0,0.0,-1.5,0.32,31580563
BBU供應鏈概念股,6781,AES-KY,BBU核心,高功率鋰電池模組，AI伺服器BBU核心供應商,2026-10-08,1020.0,-0.49,-0.49,3.04,304397580
BBU供應鏈概念股,6121,新普,BBU核心,大型資料中心、BBU與備援電池模組布局,2026-10-08,364.0,-1.62,-4.08,1.88,188297200
BBU供應鏈概念股,3211,順達,BBU核心,3kW、5.5kW BBU主力，往8kW、12kW與HVDC升級,2026-10-08,388.0,-0.39,-1.52,11.06,1105622296
BBU供應鏈概念股,4931,新盛力,BBU擴張,鋰電池模組跨入AI伺服器BBU，高功率產品放量,2026-10-08,244.5,-3.17,-1.61,10.6,1060187942
BBU供應鏈概念股,5309,系統電,BBU擴張,3kW、5.5kW、11kW BBU，美國自動化產線布局,2026-10-08,67.8,0.89,7.96,11.61,1160568586
BBU供應鏈概念股,3323,加百裕,BBU擴張,電池模組廠，布局BBU、網通備援與儲能應用,2026-10-08,29.8,0.0,1.71,0.15,14874014
BBU供應鏈概念股,2308,台達電,電源整合,800 VDC Power Rack整合BBU，布局AI資料中心電力架構,2026-10-08,1965.0,-1.26,3.15,95.41,9540672360
BBU供應鏈概念股,2301,光寶科,電源整合,800 VDC電源機櫃、Power Shelf與BBU整合方案,2026-10-08,297.5,-0.83,4.57,39.51,3951357515
CPO概念股,3081,聯亞,磊晶／化合物半導體（InP、GaAs）,磷化銦（InP）磊晶，CPO 光源與雷射二極體材料,2026-10-08,2960.0,-5.73,11.28,82.0,8199868960
CPO概念股,3105,穩懋,磊晶／化合物半導體（InP、GaAs）,砷化鎵／化合物半導體晶圓代工,2026-10-08,581.0,-1.19,7.99,93.93,9392771360
CPO概念股,2455,全新,磊晶／化合物半導體（InP、GaAs）,砷化鎵磊晶，光通訊與雷射磊晶,2026-10-08,558.0,-0.18,2.2,33.94,3393788922
CPO概念股,4971,IET-KY,磊晶／化合物半導體（InP、GaAs）,磷化銦等化合物磊晶,2026-10-08,596.0,-1.32,11.61,6.52,651560312
CPO概念股,4991,環宇-KY,磊晶／化合物半導體（InP、GaAs）,雷射／檢光元件晶圓代工,2026-10-08,511.0,-1.35,5.25,11.75,1174847254
CPO概念股,8086,宏捷科,磊晶／化合物半導體（InP、GaAs）,砷化鎵 PA 元件代工,2026-10-08,154.0,10.0,33.91,46.69,4668577606
CPO概念股,2330,台積電,晶圓代工／矽光子平台,矽光子與 CoWoS 先進封裝整合，CPO 關鍵推動者,2026-10-08,2550.0,-1.35,1.59,518.29,51829056000
CPO概念股,2303,聯電,晶圓代工／矽光子平台,矽光子晶圓代工,2026-10-08,147.5,-0.67,-8.67,119.68,11968065040
CPO概念股,5347,世界先進,晶圓代工／矽光子平台,特殊製程晶圓代工,2026-10-08,186.5,-1.84,1.08,19.35,1934713886
CPO概念股,3661,世芯-KY,EIC／ASIC 設計,AI ASIC 設計,2026-10-08,4345.0,3.7,15.41,189.7,18969566110
CPO概念股,3443,創意,EIC／ASIC 設計,ASIC 設計服務／高速介面 IP,2026-10-08,8360.0,-1.18,5.82,96.91,9691405240
CPO概念股,2454,聯發科,EIC／ASIC 設計,ASIC 與高速傳輸晶片，布局 CPO 整合,2026-10-08,4690.0,-3.0,-5.82,300.94,30094111950
CPO概念股,3035,智原,EIC／ASIC 設計,客製化晶片設計／矽智財授權,2026-10-08,202.0,-3.35,-5.16,6.49,649321930
CPO概念股,3228,金麗科,EIC／ASIC 設計,IC／ASIC 設計,2026-10-08,164.5,0.0,-8.36,0.49,48888084
CPO概念股,3711,日月光投控,封裝／CoWoS／CPO 模組,先進封裝，CPO 封裝與模組,2026-10-08,744.0,1.64,4.79,112.54,11254373424
CPO概念股,6239,力成,封裝／CoWoS／CPO 模組,先進封裝／CPO 封裝,2026-10-08,308.0,0.16,5.3,47.78,4778433352
CPO概念股,3450,聯鈞,封裝／CoWoS／CPO 模組,光元件封裝測試／主動式光纜（AOC）,2026-10-08,522.0,-2.43,1.36,23.89,2389496760
CPO概念股,6257,矽格,封裝／CoWoS／CPO 模組,專業測試／封裝服務,2026-10-08,283.0,1.8,10.33,72.35,7235444586
CPO概念股,3265,台星科,封裝／CoWoS／CPO 模組,晶圓級凸塊 Bumping／晶圓測試,2026-10-08,238.5,9.91,28.92,10.8,1079538291
CPO概念股,6451,訊芯-KY,封裝／CoWoS／CPO 模組,光收發模組封裝／系統級封裝 SiP,2026-10-08,420.5,-1.41,1.82,5.03,502740549
CPO概念股,4979,華星光,光收發模組,光收發模組雷射光源（CW Laser）、光學引擎,2026-10-08,565.0,-2.42,1.44,19.36,1935730680
CPO概念股,4977,眾達-KY,光收發模組,光收發模組,2026-10-08,172.5,-1.43,1.17,2.43,242677830
CPO概念股,4908,前鼎,光收發模組,光收發模組／光次模組封裝製造,2026-10-08,243.5,-4.13,19.07,16.09,1608534946
CPO概念股,3234,光環,光收發模組,雷射／檢光元件（CW Laser）,2026-10-08,183.0,-4.19,6.4,7.7,769799382
CPO概念股,6530,創威,光收發模組,光機電整合光收發模組（矽光子）,2026-10-08,96.1,-2.14,-5.78,0.83,82650900
CPO概念股,8048,德勝,光收發模組、系統／交換器／網通,網通／光通訊相關設備,2026-10-08,51.4,-0.19,1.18,0.04,4375991
CPO概念股,3163,波若威,光纖對接／被動元件,光纖被動元件代工；光纖套件、連接器與光放大器,2026-10-08,689.0,-1.85,5.84,10.73,1073028619
CPO概念股,6442,光聖,光纖對接／被動元件,光纖連接器／高速連接線,2026-10-08,1785.0,-1.65,20.61,62.36,6235694010
CPO概念股,3363,上詮,光纖對接／被動元件,光纖陣列（FAU）／光纖連接，CPO 關鍵耦合元件,2026-10-08,667.0,-1.77,4.06,10.59,1058995900
CPO概念股,8111,立碁,光纖對接／被動元件,光纖連接／光被動元件,2026-10-08,93.7,-0.32,20.13,15.9,1589666361
CPO概念股,6588,東典光電,光纖對接／被動元件,光通訊薄膜濾光片,2026-10-08,107.5,-1.38,-2.27,0.53,52818620
CPO概念股,7717,萊德光電-KY,光纖對接／被動元件,光纖通訊被動元件／光纖與衛星雷射通訊被動元件,2026-10-08,577.0,-4.15,4.72,3.05,304912188
CPO概念股,8147,正淩,光纖對接／被動元件,光通訊材料／被動元件,2026-10-08,139.0,-2.11,-3.14,0.18,17963248
CPO概念股,2345,智邦,系統／交換器／網通,白牌交換器龍頭；800G／AI 交換器,2026-10-08,2070.0,2.73,8.95,87.26,8726124330
CPO概念股,3380,明泰,系統／交換器／網通,交換器／網通設備,2026-10-08,30.3,-1.94,-3.19,0.47,47275968
CPO概念股,2317,鴻海,系統／交換器／網通,AI 伺服器與交換器系統代工,2026-10-08,249.0,-1.19,-1.97,95.93,9593421453
CPO概念股,2382,廣達,系統／交換器／網通,AI 伺服器系統代工,2026-10-08,325.5,-2.84,-2.54,54.68,5468025675
CPO概念股,3231,緯創,系統／交換器／網通,AI 伺服器系統代工,2026-10-08,188.5,1.89,-1.05,85.23,8523223163
CPO概念股,2308,台達電,系統／交換器／網通,電源與散熱，資料中心整合,2026-10-08,1965.0,-1.26,3.15,95.41,9540672360
CPO概念股,6285,啟碁,系統／交換器／網通,網通設備,2026-10-08,256.5,-0.39,8.92,8.62,862468938
CPO概念股,5388,中磊,系統／交換器／網通,企業網通設備,2026-10-08,73.0,-1.35,2.38,1.35,134906555
CPO概念股,3596,智易,系統／交換器／網通,網通設備,2026-10-08,156.5,-0.32,2.29,1.09,109135432
CPO概念股,3665,貿聯-KY,連接器／線束,高速線束／連接器，AI 伺服器線材,2026-10-08,2360.0,1.94,-7.63,82.99,8299319960
CPO概念股,6715,嘉基,連接器／線束,連接器／線束,2026-10-08,464.0,-4.33,2.43,5.93,592666736
CPO概念股,2392,正崴,連接器／線束,連接器／線束,2026-10-08,40.2,-1.35,-3.37,0.71,70685872
CPO概念股,6197,佳必琪,連接器／線束,連接器／線材,2026-10-08,381.5,2.83,15.61,17.76,1776021748
CPO概念股,2486,一詮,散熱／機構件,封裝均熱片、VC Lid、Metal TIM,2026-10-08,238.5,-0.62,-4.02,5.83,582741837
CPO概念股,8261,富鼎,散熱／機構件,散熱／機構件（依原圖列入）,2026-10-08,180.5,-5.5,-0.55,9.52,951858988
CPO概念股,2421,建準,散熱／機構件,風扇／水冷散熱,2026-10-08,168.0,-2.04,2.44,2.9,290314752
CPO概念股,3131,弘塑,製程／封裝設備,濕製程設備,2026-10-08,2465.0,0.61,3.57,5.06,505549315
CPO概念股,3583,辛耘,製程／封裝設備,清洗／濕製程設備,2026-10-08,736.0,-0.94,4.1,3.59,358953088
CPO概念股,6187,萬潤,製程／封裝設備、CPO 晶片測試（Insertion 1～4）,點膠／先進封裝設備；光耦合設備；光引擎測試（Insertion 3）,2026-10-08,1525.0,-0.65,19.61,44.08,4407934725
CPO概念股,2467,志聖,製程／封裝設備,曝光／壓膜／烘烤設備,2026-10-08,552.0,-2.99,1.66,4.84,483888168
CPO概念股,6640,均華,製程／封裝設備,晶粒挑揀／黏晶設備,2026-10-08,1050.0,-2.78,-5.41,1.87,186927300
CPO概念股,3037,欣興,ABF／PCB 載板,IC 載板／ABF 載板,2026-10-08,1270.0,-2.68,4.53,104.04,10404224810
CPO概念股,3189,景碩,ABF／PCB 載板,FCBGA／CSP 載板,2026-10-08,1075.0,-2.27,6.44,75.54,7553645525
CPO概念股,8046,南電,ABF／PCB 載板,ABF／BT 載板,2026-10-08,1475.0,-0.34,3.87,76.5,7650190750
CPO概念股,2368,金像電,ABF／PCB 載板,伺服器／網通多層板,2026-10-08,1285.0,3.21,17.35,120.37,12037038325
CPO概念股,6223,旺矽,測試介面／探針、CPO 晶片測試（Insertion 1～4）,探針卡／晶圓測試設備；PIC 晶圓測試、雙邊測試、光引擎測試（Insertion 1～3）,2026-10-08,5575.0,0.81,10.83,26.29,2629025050
CPO概念股,6515,穎崴,測試介面／探針、CPO 晶片測試（Insertion 1～4）,測試座／高階測試介面；高階測試座；系統級驗證（Insertion 4）,2026-10-08,5615.0,1.72,-2.69,57.09,5709096170
CPO概念股,6510,精測,測試介面／探針,探針卡／IC 測試板,2026-10-08,3320.0,9.93,10.67,44.33,4432571840
CPO概念股,6683,雍智科技,測試介面／探針,IC 測試載板／測試介面板,2026-10-08,1415.0,-2.08,-10.16,8.46,845599755
CPO概念股,6830,汎銓,檢測分析服務,材料分析／故障分析服務,2026-10-08,530.0,0.0,-0.19,2.84,283865880
CPO概念股,2360,致茂,檢測分析服務、CPO 晶片測試（Insertion 1～4）,光電量測／自動化測試設備；PIC 晶圓測試、光引擎測試、系統級驗證（Insertion 1、3、4）,2026-10-08,2330.0,-2.92,12.02,38.93,3892812550
CPO概念股,6706,惠特,檢測分析服務,檢測／量測設備,2026-10-08,151.5,-1.62,-1.94,2.26,226256766
CPO概念股,7728,光焱,CPO 晶片測試（Insertion 1～4）,PIC 晶圓測試、雙邊測試（Insertion 1～2）,2026-10-08,631.0,-0.94,-2.77,0.57,57427310
CPO概念股,4573,高明鐵,CPO 晶片測試（Insertion 1～4）,主動耦光／精密對位；雙邊測試、光引擎測試（Insertion 2～3）,2026-10-08,694.0,-4.41,1.76,5.34,534401514
CPO概念股,7769,鴻勁,CPO 晶片測試（Insertion 1～4）,測試分選；系統級驗證（Insertion 4）,2026-10-08,5925.0,0.68,7.92,31.13,3112716525
工業電腦IPC概念股,2395,研華,工業電腦品牌與系統,工業電腦／邊緣運算平台；全球工業電腦龍頭,2026-10-08,727.0,-0.82,0.55,13.15,1314774411
工業電腦IPC概念股,6414,樺漢,工業電腦品牌與系統,工業物聯網／系統整合,2026-10-08,399.0,1.01,-0.87,3.48,348484206
工業電腦IPC概念股,3005,神基,工業電腦品牌與系統,強固型電腦,2026-10-08,118.5,0.42,0.85,1.34,134471430
工業電腦IPC概念股,6922,宸曜,工業電腦品牌與系統,車載／軌道強固電腦,2026-10-08,203.0,-0.49,-8.14,0.13,12789000
工業電腦IPC概念股,3022,威強電,工業電腦品牌與系統,工業自動化／醫療電腦,2026-10-08,90.3,-0.44,-2.48,0.67,66827781
工業電腦IPC概念股,3088,艾訊,嵌入式模組與邊緣運算,嵌入式主機板／系統,2026-10-08,132.0,-1.49,-0.38,0.64,63898824
工業電腦IPC概念股,3479,安勤,嵌入式模組與邊緣運算,嵌入式主機板／系統,2026-10-08,133.5,-0.74,-2.2,0.49,48786640
工業電腦IPC概念股,8050,廣積,嵌入式模組與邊緣運算,工業級單板電腦,2026-10-08,60.4,-0.33,-4.73,0.51,51438997
工業電腦IPC概念股,6166,凌華,嵌入式模組與邊緣運算,邊緣AI運算平台,2026-10-08,125.0,-4.58,-3.85,1.92,192445000
工業電腦IPC概念股,6579,研揚,嵌入式模組與邊緣運算,邊緣AI運算平台,2026-10-08,151.0,-1.31,-5.92,0.48,48339026
工業電腦IPC概念股,8234,新漢,嵌入式模組與邊緣運算,機器人控制器／邊緣運算,2026-10-08,63.4,2.59,0.63,0.32,31580175
工業電腦IPC概念股,3416,融程電,應用終端與周邊,強固型平板／工業 HMI,2026-10-08,182.0,7.69,9.31,3.42,342057534
工業電腦IPC概念股,8114,振樺電,應用終端與周邊,POS／智慧零售終端,2026-10-08,177.5,0.0,-0.28,0.52,52475922
工業電腦IPC概念股,6206,飛捷,應用終端與周邊,POS／智慧零售終端,2026-10-08,133.5,-0.74,-3.96,0.75,75051698
工業電腦IPC概念股,6245,立端,應用終端與周邊,網通設備／資安平台,2026-10-08,88.0,0.8,-0.34,0.38,37580400
工業電腦IPC概念股,6416,瑞祺電通,應用終端與周邊,網通設備／資安平台,2026-10-08,120.5,2.12,0.0,1.19,119206192
